<?xml version="1.0" encoding="UTF-8"?>
<!--
  ~ Hibernate, Relational Persistence for Idiomatic Java
  ~
  ~ License: GNU Lesser General Public License (LGPL), version 2.1 or later.
  ~ See the lgpl.txt file in the root directory or <http://www.gnu.org/licenses/lgpl-2.1.html>.
  -->
<module xmlns="urn:jboss:module:1.3" name="org.hibernate.infinispan" slot="5.2.5.Final">

    <properties>
        <property name="jboss.api" value="private"/>
    </properties>

    <resources>
        <resource-root path="hibernate-infinispan-5.2.5.Final.jar"/>
    </resources>

    <dependencies>
        <module name="org.hibernate" slot="5.2.5.Final"/>
        <module name="javax.api"/>
        <module name="javax.transaction.api"/>
        <module name="org.infinispan" services="import"/>
        <module name="org.infinispan.commons"/>
        <module name="org.jboss.logging"/>
    </dependencies>
</module>
