<?xml version="1.0" encoding="UTF-8"?>
<!--
  ~ Hibernate, Relational Persistence for Idiomatic Java
  ~
  ~ License: GNU Lesser General Public License (LGPL), version 2.1 or later.
  ~ See the lgpl.txt file in the root directory or <http://www.gnu.org/licenses/lgpl-2.1.html>.
  -->
<module xmlns="urn:jboss:module:1.3" name="org.hibernate.jipijapa-hibernate5" slot="5.2.5.Final">
    <properties>
        <property name="jboss.api" value="private"/>
    </properties>

    <resources>
        <resource-root path="jipijapa-hibernate5-10.0.0.Final.jar"/>
    </resources>

    <dependencies>
        <module name="org.hibernate" slot="5.2.5.Final"/>
        <module name="asm.asm"/>
        <module name="com.fasterxml.classmate"/>
        <module name="javax.api"/>
        <module name="javax.annotation.api"/>
        <module name="javax.enterprise.api"/>
        <module name="javax.persistence.api"/>
        <module name="javax.transaction.api"/>
        <module name="javax.validation.api"/>
        <module name="javax.xml.bind.api"/>
        <module name="org.antlr"/>
        <module name="org.dom4j"/>
        <module name="org.javassist"/>
        <module name="org.jboss.as.jpa.spi"/>
        <module name="org.jboss.jandex"/>
        <module name="org.jboss.logging"/>
        <module name="org.jboss.vfs"/>
        <module name="org.hibernate.commons-annotations"/>
        <module name="org.hibernate.infinispan" services="import" slot="5.2.5.Final"/>
        <module name="org.infinispan" services="import"/>
    </dependencies>
</module>
