<?xml version="1.0" encoding="UTF-8"?>
<!--
  ~ Hibernate, Relational Persistence for Idiomatic Java
  ~
  ~ License: GNU Lesser General Public License (LGPL), version 2.1 or later.
  ~ See the lgpl.txt file in the root directory or <http://www.gnu.org/licenses/lgpl-2.1.html>.
  -->
<module xmlns="urn:jboss:module:1.3" name="org.hibernate" slot="5.2.5.Final">
    <resources>
        <resource-root path="hibernate-core-5.2.5.Final.jar"/>
        <resource-root path="hibernate-envers-5.2.5.Final.jar"/>
        <resource-root path="javassist-3.20.0-GA.jar"/>
        <resource-root path="byte-buddy-1.5.4.jar"/>
    </resources>

    <dependencies>
        <module name="asm.asm"/>
        <module name="com.fasterxml.classmate"/>
        <module name="javax.api"/>
        <module name="javax.annotation.api"/>
        <module name="javax.enterprise.api"/>
        <module name="javax.persistence.api"/>
        <module name="javax.transaction.api"/>
        <module name="javax.validation.api"/>
        <module name="javax.xml.bind.api"/>
        <module name="org.antlr"/>
        <module name="org.dom4j"/>
        <!-- Javassist is handled directly as a resource in order to account for
        the likely conflict in Javassist versions
        -->
        <module name="org.javassist"/>
        <module name="org.jboss.as.jpa.spi"/>
        <module name="org.jboss.jandex"/>
        <module name="org.jboss.logging"/>
        <module name="org.jboss.vfs"/>
        <module name="org.hibernate.commons-annotations"/>
        <module name="org.hibernate.infinispan" services="import" optional="true" slot="5.2.5.Final"/>
        <module name="org.hibernate.jipijapa-hibernate5" services="import" slot="5.2.5.Final"/>
    </dependencies>
</module>
